SEQUENTIAL;
200000;voip.lab;
200001;voip.lab;
200002;voip.lab;
200003;voip.lab;
200004;voip.lab;
200005;voip.lab;
200006;voip.lab;
200007;voip.lab;
200008;voip.lab;
200009;voip.lab;
200010;voip.lab;
200011;voip.lab;
200012;voip.lab;
200013;voip.lab;
200014;voip.lab;
200015;voip.lab;
200016;voip.lab;
200017;voip.lab;
200018;voip.lab;
200019;voip.lab;
200020;voip.lab;
200021;voip.lab;
200022;voip.lab;
200023;voip.lab;
200024;voip.lab;
200025;voip.lab;
200026;voip.lab;
200027;voip.lab;
200028;voip.lab;
200029;voip.lab;
200030;voip.lab;
200031;voip.lab;
200032;voip.lab;
200033;voip.lab;
200034;voip.lab;
200035;voip.lab;
200036;voip.lab;
200037;voip.lab;
200038;voip.lab;
200039;voip.lab;
200040;voip.lab;
200041;voip.lab;
200042;voip.lab;
200043;voip.lab;
200044;voip.lab;
200045;voip.lab;
200046;voip.lab;
200047;voip.lab;
200048;voip.lab;
200049;voip.lab;
200050;voip.lab;
200051;voip.lab;
200052;voip.lab;
200053;voip.lab;
200054;voip.lab;
200055;voip.lab;
200056;voip.lab;
200057;voip.lab;
200058;voip.lab;
200059;voip.lab;
200060;voip.lab;
200061;voip.lab;
200062;voip.lab;
200063;voip.lab;
200064;voip.lab;
200065;voip.lab;
200066;voip.lab;
200067;voip.lab;
200068;voip.lab;
200069;voip.lab;
200070;voip.lab;
200071;voip.lab;
200072;voip.lab;
200073;voip.lab;
200074;voip.lab;
200075;voip.lab;
200076;voip.lab;
200077;voip.lab;
200078;voip.lab;
200079;voip.lab;
200080;voip.lab;
200081;voip.lab;
200082;voip.lab;
200083;voip.lab;
200084;voip.lab;
200085;voip.lab;
200086;voip.lab;
200087;voip.lab;
200088;voip.lab;
200089;voip.lab;
200090;voip.lab;
200091;voip.lab;
200092;voip.lab;
200093;voip.lab;
200094;voip.lab;
200095;voip.lab;
200096;voip.lab;
200097;voip.lab;
200098;voip.lab;
200099;voip.lab;
200100;voip.lab;
200101;voip.lab;
200102;voip.lab;
200103;voip.lab;
200104;voip.lab;
200105;voip.lab;
200106;voip.lab;
200107;voip.lab;
200108;voip.lab;
200109;voip.lab;
200110;voip.lab;
200111;voip.lab;
200112;voip.lab;
200113;voip.lab;
200114;voip.lab;
200115;voip.lab;
200116;voip.lab;
200117;voip.lab;
200118;voip.lab;
200119;voip.lab;
200120;voip.lab;
200121;voip.lab;
200122;voip.lab;
200123;voip.lab;
200124;voip.lab;
200125;voip.lab;
200126;voip.lab;
200127;voip.lab;
200128;voip.lab;
200129;voip.lab;
200130;voip.lab;
200131;voip.lab;
200132;voip.lab;
200133;voip.lab;
200134;voip.lab;
200135;voip.lab;
200136;voip.lab;
200137;voip.lab;
200138;voip.lab;
200139;voip.lab;
200140;voip.lab;
200141;voip.lab;
200142;voip.lab;
200143;voip.lab;
200144;voip.lab;
200145;voip.lab;
200146;voip.lab;
200147;voip.lab;
200148;voip.lab;
200149;voip.lab;
200150;voip.lab;
200151;voip.lab;
200152;voip.lab;
200153;voip.lab;
200154;voip.lab;
200155;voip.lab;
200156;voip.lab;
200157;voip.lab;
200158;voip.lab;
200159;voip.lab;
200160;voip.lab;
200161;voip.lab;
200162;voip.lab;
200163;voip.lab;
200164;voip.lab;
200165;voip.lab;
200166;voip.lab;
200167;voip.lab;
200168;voip.lab;
200169;voip.lab;
200170;voip.lab;
200171;voip.lab;
200172;voip.lab;
200173;voip.lab;
200174;voip.lab;
200175;voip.lab;
200176;voip.lab;
200177;voip.lab;
200178;voip.lab;
200179;voip.lab;
200180;voip.lab;
200181;voip.lab;
200182;voip.lab;
200183;voip.lab;
200184;voip.lab;
200185;voip.lab;
200186;voip.lab;
200187;voip.lab;
200188;voip.lab;
200189;voip.lab;
200190;voip.lab;
200191;voip.lab;
200192;voip.lab;
200193;voip.lab;
200194;voip.lab;
200195;voip.lab;
200196;voip.lab;
200197;voip.lab;
200198;voip.lab;
200199;voip.lab;
200200;voip.lab;
200201;voip.lab;
200202;voip.lab;
200203;voip.lab;
200204;voip.lab;
200205;voip.lab;
200206;voip.lab;
200207;voip.lab;
200208;voip.lab;
200209;voip.lab;
200210;voip.lab;
200211;voip.lab;
200212;voip.lab;
200213;voip.lab;
200214;voip.lab;
200215;voip.lab;
200216;voip.lab;
200217;voip.lab;
200218;voip.lab;
200219;voip.lab;
200220;voip.lab;
200221;voip.lab;
200222;voip.lab;
200223;voip.lab;
200224;voip.lab;
200225;voip.lab;
200226;voip.lab;
200227;voip.lab;
200228;voip.lab;
200229;voip.lab;
200230;voip.lab;
200231;voip.lab;
200232;voip.lab;
200233;voip.lab;
200234;voip.lab;
200235;voip.lab;
200236;voip.lab;
200237;voip.lab;
200238;voip.lab;
200239;voip.lab;
200240;voip.lab;
200241;voip.lab;
200242;voip.lab;
200243;voip.lab;
200244;voip.lab;
200245;voip.lab;
200246;voip.lab;
200247;voip.lab;
200248;voip.lab;
200249;voip.lab;
200250;voip.lab;
200251;voip.lab;
200252;voip.lab;
200253;voip.lab;
200254;voip.lab;
200255;voip.lab;
200256;voip.lab;
200257;voip.lab;
200258;voip.lab;
200259;voip.lab;
200260;voip.lab;
200261;voip.lab;
200262;voip.lab;
200263;voip.lab;
200264;voip.lab;
200265;voip.lab;
200266;voip.lab;
200267;voip.lab;
200268;voip.lab;
200269;voip.lab;
200270;voip.lab;
200271;voip.lab;
200272;voip.lab;
200273;voip.lab;
200274;voip.lab;
200275;voip.lab;
200276;voip.lab;
200277;voip.lab;
200278;voip.lab;
200279;voip.lab;
200280;voip.lab;
200281;voip.lab;
200282;voip.lab;
200283;voip.lab;
200284;voip.lab;
200285;voip.lab;
200286;voip.lab;
200287;voip.lab;
200288;voip.lab;
200289;voip.lab;
200290;voip.lab;
200291;voip.lab;
200292;voip.lab;
200293;voip.lab;
200294;voip.lab;
200295;voip.lab;
200296;voip.lab;
200297;voip.lab;
200298;voip.lab;
200299;voip.lab;
200300;voip.lab;
200301;voip.lab;
200302;voip.lab;
200303;voip.lab;
200304;voip.lab;
200305;voip.lab;
200306;voip.lab;
200307;voip.lab;
200308;voip.lab;
200309;voip.lab;
200310;voip.lab;
200311;voip.lab;
200312;voip.lab;
200313;voip.lab;
200314;voip.lab;
200315;voip.lab;
200316;voip.lab;
200317;voip.lab;
200318;voip.lab;
200319;voip.lab;
200320;voip.lab;
200321;voip.lab;
200322;voip.lab;
200323;voip.lab;
200324;voip.lab;
200325;voip.lab;
200326;voip.lab;
200327;voip.lab;
200328;voip.lab;
200329;voip.lab;
200330;voip.lab;
200331;voip.lab;
200332;voip.lab;
200333;voip.lab;
200334;voip.lab;
200335;voip.lab;
200336;voip.lab;
200337;voip.lab;
200338;voip.lab;
200339;voip.lab;
200340;voip.lab;
200341;voip.lab;
200342;voip.lab;
200343;voip.lab;
200344;voip.lab;
200345;voip.lab;
200346;voip.lab;
200347;voip.lab;
200348;voip.lab;
200349;voip.lab;
200350;voip.lab;
200351;voip.lab;
200352;voip.lab;
200353;voip.lab;
200354;voip.lab;
200355;voip.lab;
200356;voip.lab;
200357;voip.lab;
200358;voip.lab;
200359;voip.lab;
200360;voip.lab;
200361;voip.lab;
200362;voip.lab;
200363;voip.lab;
200364;voip.lab;
200365;voip.lab;
200366;voip.lab;
200367;voip.lab;
200368;voip.lab;
200369;voip.lab;
200370;voip.lab;
200371;voip.lab;
200372;voip.lab;
200373;voip.lab;
200374;voip.lab;
200375;voip.lab;
200376;voip.lab;
200377;voip.lab;
200378;voip.lab;
200379;voip.lab;
200380;voip.lab;
200381;voip.lab;
200382;voip.lab;
200383;voip.lab;
200384;voip.lab;
200385;voip.lab;
200386;voip.lab;
200387;voip.lab;
200388;voip.lab;
200389;voip.lab;
200390;voip.lab;
200391;voip.lab;
200392;voip.lab;
200393;voip.lab;
200394;voip.lab;
200395;voip.lab;
200396;voip.lab;
200397;voip.lab;
200398;voip.lab;
200399;voip.lab;
200400;voip.lab;
200401;voip.lab;
200402;voip.lab;
200403;voip.lab;
200404;voip.lab;
200405;voip.lab;
200406;voip.lab;
200407;voip.lab;
200408;voip.lab;
200409;voip.lab;
200410;voip.lab;
200411;voip.lab;
200412;voip.lab;
200413;voip.lab;
200414;voip.lab;
200415;voip.lab;
200416;voip.lab;
200417;voip.lab;
200418;voip.lab;
200419;voip.lab;
200420;voip.lab;
200421;voip.lab;
200422;voip.lab;
200423;voip.lab;
200424;voip.lab;
200425;voip.lab;
200426;voip.lab;
200427;voip.lab;
200428;voip.lab;
200429;voip.lab;
200430;voip.lab;
200431;voip.lab;
200432;voip.lab;
200433;voip.lab;
200434;voip.lab;
200435;voip.lab;
200436;voip.lab;
200437;voip.lab;
200438;voip.lab;
200439;voip.lab;
200440;voip.lab;
200441;voip.lab;
200442;voip.lab;
200443;voip.lab;
200444;voip.lab;
200445;voip.lab;
200446;voip.lab;
200447;voip.lab;
200448;voip.lab;
200449;voip.lab;
200450;voip.lab;
200451;voip.lab;
200452;voip.lab;
200453;voip.lab;
200454;voip.lab;
200455;voip.lab;
200456;voip.lab;
200457;voip.lab;
200458;voip.lab;
200459;voip.lab;
200460;voip.lab;
200461;voip.lab;
200462;voip.lab;
200463;voip.lab;
200464;voip.lab;
200465;voip.lab;
200466;voip.lab;
200467;voip.lab;
200468;voip.lab;
200469;voip.lab;
200470;voip.lab;
200471;voip.lab;
200472;voip.lab;
200473;voip.lab;
200474;voip.lab;
200475;voip.lab;
200476;voip.lab;
200477;voip.lab;
200478;voip.lab;
200479;voip.lab;
200480;voip.lab;
200481;voip.lab;
200482;voip.lab;
200483;voip.lab;
200484;voip.lab;
200485;voip.lab;
200486;voip.lab;
200487;voip.lab;
200488;voip.lab;
200489;voip.lab;
200490;voip.lab;
200491;voip.lab;
200492;voip.lab;
200493;voip.lab;
200494;voip.lab;
200495;voip.lab;
200496;voip.lab;
200497;voip.lab;
200498;voip.lab;
200499;voip.lab;
200500;voip.lab;
200501;voip.lab;
200502;voip.lab;
200503;voip.lab;
200504;voip.lab;
200505;voip.lab;
200506;voip.lab;
200507;voip.lab;
200508;voip.lab;
200509;voip.lab;
200510;voip.lab;
200511;voip.lab;
200512;voip.lab;
200513;voip.lab;
200514;voip.lab;
200515;voip.lab;
200516;voip.lab;
200517;voip.lab;
200518;voip.lab;
200519;voip.lab;
200520;voip.lab;
200521;voip.lab;
200522;voip.lab;
200523;voip.lab;
200524;voip.lab;
200525;voip.lab;
200526;voip.lab;
200527;voip.lab;
200528;voip.lab;
200529;voip.lab;
200530;voip.lab;
200531;voip.lab;
200532;voip.lab;
200533;voip.lab;
200534;voip.lab;
200535;voip.lab;
200536;voip.lab;
200537;voip.lab;
200538;voip.lab;
200539;voip.lab;
200540;voip.lab;
200541;voip.lab;
200542;voip.lab;
200543;voip.lab;
200544;voip.lab;
200545;voip.lab;
200546;voip.lab;
200547;voip.lab;
200548;voip.lab;
200549;voip.lab;
200550;voip.lab;
200551;voip.lab;
200552;voip.lab;
200553;voip.lab;
200554;voip.lab;
200555;voip.lab;
200556;voip.lab;
200557;voip.lab;
200558;voip.lab;
200559;voip.lab;
200560;voip.lab;
200561;voip.lab;
200562;voip.lab;
200563;voip.lab;
200564;voip.lab;
200565;voip.lab;
200566;voip.lab;
200567;voip.lab;
200568;voip.lab;
200569;voip.lab;
200570;voip.lab;
200571;voip.lab;
200572;voip.lab;
200573;voip.lab;
200574;voip.lab;
200575;voip.lab;
200576;voip.lab;
200577;voip.lab;
200578;voip.lab;
200579;voip.lab;
200580;voip.lab;
200581;voip.lab;
200582;voip.lab;
200583;voip.lab;
200584;voip.lab;
200585;voip.lab;
200586;voip.lab;
200587;voip.lab;
200588;voip.lab;
200589;voip.lab;
200590;voip.lab;
200591;voip.lab;
200592;voip.lab;
200593;voip.lab;
200594;voip.lab;
200595;voip.lab;
200596;voip.lab;
200597;voip.lab;
200598;voip.lab;
200599;voip.lab;
200600;voip.lab;
200601;voip.lab;
200602;voip.lab;
200603;voip.lab;
200604;voip.lab;
200605;voip.lab;
200606;voip.lab;
200607;voip.lab;
200608;voip.lab;
200609;voip.lab;
200610;voip.lab;
200611;voip.lab;
200612;voip.lab;
200613;voip.lab;
200614;voip.lab;
200615;voip.lab;
200616;voip.lab;
200617;voip.lab;
200618;voip.lab;
200619;voip.lab;
200620;voip.lab;
200621;voip.lab;
200622;voip.lab;
200623;voip.lab;
200624;voip.lab;
200625;voip.lab;
200626;voip.lab;
200627;voip.lab;
200628;voip.lab;
200629;voip.lab;
200630;voip.lab;
200631;voip.lab;
200632;voip.lab;
200633;voip.lab;
200634;voip.lab;
200635;voip.lab;
200636;voip.lab;
200637;voip.lab;
200638;voip.lab;
200639;voip.lab;
200640;voip.lab;
200641;voip.lab;
200642;voip.lab;
200643;voip.lab;
200644;voip.lab;
200645;voip.lab;
200646;voip.lab;
200647;voip.lab;
200648;voip.lab;
200649;voip.lab;
200650;voip.lab;
200651;voip.lab;
200652;voip.lab;
200653;voip.lab;
200654;voip.lab;
200655;voip.lab;
200656;voip.lab;
200657;voip.lab;
200658;voip.lab;
200659;voip.lab;
200660;voip.lab;
200661;voip.lab;
200662;voip.lab;
200663;voip.lab;
200664;voip.lab;
200665;voip.lab;
200666;voip.lab;
200667;voip.lab;
200668;voip.lab;
200669;voip.lab;
200670;voip.lab;
200671;voip.lab;
200672;voip.lab;
200673;voip.lab;
200674;voip.lab;
200675;voip.lab;
200676;voip.lab;
200677;voip.lab;
200678;voip.lab;
200679;voip.lab;
200680;voip.lab;
200681;voip.lab;
200682;voip.lab;
200683;voip.lab;
200684;voip.lab;
200685;voip.lab;
200686;voip.lab;
200687;voip.lab;
200688;voip.lab;
200689;voip.lab;
200690;voip.lab;
200691;voip.lab;
200692;voip.lab;
200693;voip.lab;
200694;voip.lab;
200695;voip.lab;
200696;voip.lab;
200697;voip.lab;
200698;voip.lab;
200699;voip.lab;
200700;voip.lab;
200701;voip.lab;
200702;voip.lab;
200703;voip.lab;
200704;voip.lab;
200705;voip.lab;
200706;voip.lab;
200707;voip.lab;
200708;voip.lab;
200709;voip.lab;
200710;voip.lab;
200711;voip.lab;
200712;voip.lab;
200713;voip.lab;
200714;voip.lab;
200715;voip.lab;
200716;voip.lab;
200717;voip.lab;
200718;voip.lab;
200719;voip.lab;
200720;voip.lab;
200721;voip.lab;
200722;voip.lab;
200723;voip.lab;
200724;voip.lab;
200725;voip.lab;
200726;voip.lab;
200727;voip.lab;
200728;voip.lab;
200729;voip.lab;
200730;voip.lab;
200731;voip.lab;
200732;voip.lab;
200733;voip.lab;
200734;voip.lab;
200735;voip.lab;
200736;voip.lab;
200737;voip.lab;
200738;voip.lab;
200739;voip.lab;
200740;voip.lab;
200741;voip.lab;
200742;voip.lab;
200743;voip.lab;
200744;voip.lab;
200745;voip.lab;
200746;voip.lab;
200747;voip.lab;
200748;voip.lab;
200749;voip.lab;
200750;voip.lab;
200751;voip.lab;
200752;voip.lab;
200753;voip.lab;
200754;voip.lab;
200755;voip.lab;
200756;voip.lab;
200757;voip.lab;
200758;voip.lab;
200759;voip.lab;
200760;voip.lab;
200761;voip.lab;
200762;voip.lab;
200763;voip.lab;
200764;voip.lab;
200765;voip.lab;
200766;voip.lab;
200767;voip.lab;
200768;voip.lab;
200769;voip.lab;
200770;voip.lab;
200771;voip.lab;
200772;voip.lab;
200773;voip.lab;
200774;voip.lab;
200775;voip.lab;
200776;voip.lab;
200777;voip.lab;
200778;voip.lab;
200779;voip.lab;
200780;voip.lab;
200781;voip.lab;
200782;voip.lab;
200783;voip.lab;
200784;voip.lab;
200785;voip.lab;
200786;voip.lab;
200787;voip.lab;
200788;voip.lab;
200789;voip.lab;
200790;voip.lab;
200791;voip.lab;
200792;voip.lab;
200793;voip.lab;
200794;voip.lab;
200795;voip.lab;
200796;voip.lab;
200797;voip.lab;
200798;voip.lab;
200799;voip.lab;
200800;voip.lab;
200801;voip.lab;
200802;voip.lab;
200803;voip.lab;
200804;voip.lab;
200805;voip.lab;
200806;voip.lab;
200807;voip.lab;
200808;voip.lab;
200809;voip.lab;
200810;voip.lab;
200811;voip.lab;
200812;voip.lab;
200813;voip.lab;
200814;voip.lab;
200815;voip.lab;
200816;voip.lab;
200817;voip.lab;
200818;voip.lab;
200819;voip.lab;
200820;voip.lab;
200821;voip.lab;
200822;voip.lab;
200823;voip.lab;
200824;voip.lab;
200825;voip.lab;
200826;voip.lab;
200827;voip.lab;
200828;voip.lab;
200829;voip.lab;
200830;voip.lab;
200831;voip.lab;
200832;voip.lab;
200833;voip.lab;
200834;voip.lab;
200835;voip.lab;
200836;voip.lab;
200837;voip.lab;
200838;voip.lab;
200839;voip.lab;
200840;voip.lab;
200841;voip.lab;
200842;voip.lab;
200843;voip.lab;
200844;voip.lab;
200845;voip.lab;
200846;voip.lab;
200847;voip.lab;
200848;voip.lab;
200849;voip.lab;
200850;voip.lab;
200851;voip.lab;
200852;voip.lab;
200853;voip.lab;
200854;voip.lab;
200855;voip.lab;
200856;voip.lab;
200857;voip.lab;
200858;voip.lab;
200859;voip.lab;
200860;voip.lab;
200861;voip.lab;
200862;voip.lab;
200863;voip.lab;
200864;voip.lab;
200865;voip.lab;
200866;voip.lab;
200867;voip.lab;
200868;voip.lab;
200869;voip.lab;
200870;voip.lab;
200871;voip.lab;
200872;voip.lab;
200873;voip.lab;
200874;voip.lab;
200875;voip.lab;
200876;voip.lab;
200877;voip.lab;
200878;voip.lab;
200879;voip.lab;
200880;voip.lab;
200881;voip.lab;
200882;voip.lab;
200883;voip.lab;
200884;voip.lab;
200885;voip.lab;
200886;voip.lab;
200887;voip.lab;
200888;voip.lab;
200889;voip.lab;
200890;voip.lab;
200891;voip.lab;
200892;voip.lab;
200893;voip.lab;
200894;voip.lab;
200895;voip.lab;
200896;voip.lab;
200897;voip.lab;
200898;voip.lab;
200899;voip.lab;
200900;voip.lab;
200901;voip.lab;
200902;voip.lab;
200903;voip.lab;
200904;voip.lab;
200905;voip.lab;
200906;voip.lab;
200907;voip.lab;
200908;voip.lab;
200909;voip.lab;
200910;voip.lab;
200911;voip.lab;
200912;voip.lab;
200913;voip.lab;
200914;voip.lab;
200915;voip.lab;
200916;voip.lab;
200917;voip.lab;
200918;voip.lab;
200919;voip.lab;
200920;voip.lab;
200921;voip.lab;
200922;voip.lab;
200923;voip.lab;
200924;voip.lab;
200925;voip.lab;
200926;voip.lab;
200927;voip.lab;
200928;voip.lab;
200929;voip.lab;
200930;voip.lab;
200931;voip.lab;
200932;voip.lab;
200933;voip.lab;
200934;voip.lab;
200935;voip.lab;
200936;voip.lab;
200937;voip.lab;
200938;voip.lab;
200939;voip.lab;
200940;voip.lab;
200941;voip.lab;
200942;voip.lab;
200943;voip.lab;
200944;voip.lab;
200945;voip.lab;
200946;voip.lab;
200947;voip.lab;
200948;voip.lab;
200949;voip.lab;
200950;voip.lab;
200951;voip.lab;
200952;voip.lab;
200953;voip.lab;
200954;voip.lab;
200955;voip.lab;
200956;voip.lab;
200957;voip.lab;
200958;voip.lab;
200959;voip.lab;
200960;voip.lab;
200961;voip.lab;
200962;voip.lab;
200963;voip.lab;
200964;voip.lab;
200965;voip.lab;
200966;voip.lab;
200967;voip.lab;
200968;voip.lab;
200969;voip.lab;
200970;voip.lab;
200971;voip.lab;
200972;voip.lab;
200973;voip.lab;
200974;voip.lab;
200975;voip.lab;
200976;voip.lab;
200977;voip.lab;
200978;voip.lab;
200979;voip.lab;
200980;voip.lab;
200981;voip.lab;
200982;voip.lab;
200983;voip.lab;
200984;voip.lab;
200985;voip.lab;
200986;voip.lab;
200987;voip.lab;
200988;voip.lab;
200989;voip.lab;
200990;voip.lab;
200991;voip.lab;
200992;voip.lab;
200993;voip.lab;
200994;voip.lab;
200995;voip.lab;
200996;voip.lab;
200997;voip.lab;
200998;voip.lab;
200999;voip.lab;
201000;voip.lab;
201001;voip.lab;
201002;voip.lab;
201003;voip.lab;
201004;voip.lab;
201005;voip.lab;
201006;voip.lab;
201007;voip.lab;
201008;voip.lab;
201009;voip.lab;
201010;voip.lab;
201011;voip.lab;
201012;voip.lab;
201013;voip.lab;
201014;voip.lab;
201015;voip.lab;
201016;voip.lab;
201017;voip.lab;
201018;voip.lab;
201019;voip.lab;
201020;voip.lab;
201021;voip.lab;
201022;voip.lab;
201023;voip.lab;
201024;voip.lab;
201025;voip.lab;
201026;voip.lab;
201027;voip.lab;
201028;voip.lab;
201029;voip.lab;
201030;voip.lab;
201031;voip.lab;
201032;voip.lab;
201033;voip.lab;
201034;voip.lab;
201035;voip.lab;
201036;voip.lab;
201037;voip.lab;
201038;voip.lab;
201039;voip.lab;
201040;voip.lab;
201041;voip.lab;
201042;voip.lab;
201043;voip.lab;
201044;voip.lab;
201045;voip.lab;
201046;voip.lab;
201047;voip.lab;
201048;voip.lab;
201049;voip.lab;
201050;voip.lab;
201051;voip.lab;
201052;voip.lab;
201053;voip.lab;
201054;voip.lab;
201055;voip.lab;
201056;voip.lab;
201057;voip.lab;
201058;voip.lab;
201059;voip.lab;
201060;voip.lab;
201061;voip.lab;
201062;voip.lab;
201063;voip.lab;
201064;voip.lab;
201065;voip.lab;
201066;voip.lab;
201067;voip.lab;
201068;voip.lab;
201069;voip.lab;
201070;voip.lab;
201071;voip.lab;
201072;voip.lab;
201073;voip.lab;
201074;voip.lab;
201075;voip.lab;
201076;voip.lab;
201077;voip.lab;
201078;voip.lab;
201079;voip.lab;
201080;voip.lab;
201081;voip.lab;
201082;voip.lab;
201083;voip.lab;
201084;voip.lab;
201085;voip.lab;
201086;voip.lab;
201087;voip.lab;
201088;voip.lab;
201089;voip.lab;
201090;voip.lab;
201091;voip.lab;
201092;voip.lab;
201093;voip.lab;
201094;voip.lab;
201095;voip.lab;
201096;voip.lab;
201097;voip.lab;
201098;voip.lab;
201099;voip.lab;
201100;voip.lab;
201101;voip.lab;
201102;voip.lab;
201103;voip.lab;
201104;voip.lab;
201105;voip.lab;
201106;voip.lab;
201107;voip.lab;
201108;voip.lab;
201109;voip.lab;
201110;voip.lab;
201111;voip.lab;
201112;voip.lab;
201113;voip.lab;
201114;voip.lab;
201115;voip.lab;
201116;voip.lab;
201117;voip.lab;
201118;voip.lab;
201119;voip.lab;
201120;voip.lab;
201121;voip.lab;
201122;voip.lab;
201123;voip.lab;
201124;voip.lab;
201125;voip.lab;
201126;voip.lab;
201127;voip.lab;
201128;voip.lab;
201129;voip.lab;
201130;voip.lab;
201131;voip.lab;
201132;voip.lab;
201133;voip.lab;
201134;voip.lab;
201135;voip.lab;
201136;voip.lab;
201137;voip.lab;
201138;voip.lab;
201139;voip.lab;
201140;voip.lab;
201141;voip.lab;
201142;voip.lab;
201143;voip.lab;
201144;voip.lab;
201145;voip.lab;
201146;voip.lab;
201147;voip.lab;
201148;voip.lab;
201149;voip.lab;
201150;voip.lab;
201151;voip.lab;
201152;voip.lab;
201153;voip.lab;
201154;voip.lab;
201155;voip.lab;
201156;voip.lab;
201157;voip.lab;
201158;voip.lab;
201159;voip.lab;
201160;voip.lab;
201161;voip.lab;
201162;voip.lab;
201163;voip.lab;
201164;voip.lab;
201165;voip.lab;
201166;voip.lab;
201167;voip.lab;
201168;voip.lab;
201169;voip.lab;
201170;voip.lab;
201171;voip.lab;
201172;voip.lab;
201173;voip.lab;
201174;voip.lab;
201175;voip.lab;
201176;voip.lab;
201177;voip.lab;
201178;voip.lab;
201179;voip.lab;
201180;voip.lab;
201181;voip.lab;
201182;voip.lab;
201183;voip.lab;
201184;voip.lab;
201185;voip.lab;
201186;voip.lab;
201187;voip.lab;
201188;voip.lab;
201189;voip.lab;
201190;voip.lab;
201191;voip.lab;
201192;voip.lab;
201193;voip.lab;
201194;voip.lab;
201195;voip.lab;
201196;voip.lab;
201197;voip.lab;
201198;voip.lab;
201199;voip.lab;
201200;voip.lab;
201201;voip.lab;
201202;voip.lab;
201203;voip.lab;
201204;voip.lab;
201205;voip.lab;
201206;voip.lab;
201207;voip.lab;
201208;voip.lab;
201209;voip.lab;
201210;voip.lab;
201211;voip.lab;
201212;voip.lab;
201213;voip.lab;
201214;voip.lab;
201215;voip.lab;
201216;voip.lab;
201217;voip.lab;
201218;voip.lab;
201219;voip.lab;
201220;voip.lab;
201221;voip.lab;
201222;voip.lab;
201223;voip.lab;
201224;voip.lab;
201225;voip.lab;
201226;voip.lab;
201227;voip.lab;
201228;voip.lab;
201229;voip.lab;
201230;voip.lab;
201231;voip.lab;
201232;voip.lab;
201233;voip.lab;
201234;voip.lab;
201235;voip.lab;
201236;voip.lab;
201237;voip.lab;
201238;voip.lab;
201239;voip.lab;
201240;voip.lab;
201241;voip.lab;
201242;voip.lab;
201243;voip.lab;
201244;voip.lab;
201245;voip.lab;
201246;voip.lab;
201247;voip.lab;
201248;voip.lab;
201249;voip.lab;
201250;voip.lab;
201251;voip.lab;
201252;voip.lab;
201253;voip.lab;
201254;voip.lab;
201255;voip.lab;
201256;voip.lab;
201257;voip.lab;
201258;voip.lab;
201259;voip.lab;
201260;voip.lab;
201261;voip.lab;
201262;voip.lab;
201263;voip.lab;
201264;voip.lab;
201265;voip.lab;
201266;voip.lab;
201267;voip.lab;
201268;voip.lab;
201269;voip.lab;
201270;voip.lab;
201271;voip.lab;
201272;voip.lab;
201273;voip.lab;
201274;voip.lab;
201275;voip.lab;
201276;voip.lab;
201277;voip.lab;
201278;voip.lab;
201279;voip.lab;
201280;voip.lab;
201281;voip.lab;
201282;voip.lab;
201283;voip.lab;
201284;voip.lab;
201285;voip.lab;
201286;voip.lab;
201287;voip.lab;
201288;voip.lab;
201289;voip.lab;
201290;voip.lab;
201291;voip.lab;
201292;voip.lab;
201293;voip.lab;
201294;voip.lab;
201295;voip.lab;
201296;voip.lab;
201297;voip.lab;
201298;voip.lab;
201299;voip.lab;
201300;voip.lab;
201301;voip.lab;
201302;voip.lab;
201303;voip.lab;
201304;voip.lab;
201305;voip.lab;
201306;voip.lab;
201307;voip.lab;
201308;voip.lab;
201309;voip.lab;
201310;voip.lab;
201311;voip.lab;
201312;voip.lab;
201313;voip.lab;
201314;voip.lab;
201315;voip.lab;
201316;voip.lab;
201317;voip.lab;
201318;voip.lab;
201319;voip.lab;
201320;voip.lab;
201321;voip.lab;
201322;voip.lab;
201323;voip.lab;
201324;voip.lab;
201325;voip.lab;
201326;voip.lab;
201327;voip.lab;
201328;voip.lab;
201329;voip.lab;
201330;voip.lab;
201331;voip.lab;
201332;voip.lab;
201333;voip.lab;
201334;voip.lab;
201335;voip.lab;
201336;voip.lab;
201337;voip.lab;
201338;voip.lab;
201339;voip.lab;
201340;voip.lab;
201341;voip.lab;
201342;voip.lab;
201343;voip.lab;
201344;voip.lab;
201345;voip.lab;
201346;voip.lab;
201347;voip.lab;
201348;voip.lab;
201349;voip.lab;
201350;voip.lab;
201351;voip.lab;
201352;voip.lab;
201353;voip.lab;
201354;voip.lab;
201355;voip.lab;
201356;voip.lab;
201357;voip.lab;
201358;voip.lab;
201359;voip.lab;
201360;voip.lab;
201361;voip.lab;
201362;voip.lab;
201363;voip.lab;
201364;voip.lab;
201365;voip.lab;
201366;voip.lab;
201367;voip.lab;
201368;voip.lab;
201369;voip.lab;
201370;voip.lab;
201371;voip.lab;
201372;voip.lab;
201373;voip.lab;
201374;voip.lab;
201375;voip.lab;
201376;voip.lab;
201377;voip.lab;
201378;voip.lab;
201379;voip.lab;
201380;voip.lab;
201381;voip.lab;
201382;voip.lab;
201383;voip.lab;
201384;voip.lab;
201385;voip.lab;
201386;voip.lab;
201387;voip.lab;
201388;voip.lab;
201389;voip.lab;
201390;voip.lab;
201391;voip.lab;
201392;voip.lab;
201393;voip.lab;
201394;voip.lab;
201395;voip.lab;
201396;voip.lab;
201397;voip.lab;
201398;voip.lab;
201399;voip.lab;
201400;voip.lab;
201401;voip.lab;
201402;voip.lab;
201403;voip.lab;
201404;voip.lab;
201405;voip.lab;
201406;voip.lab;
201407;voip.lab;
201408;voip.lab;
201409;voip.lab;
201410;voip.lab;
201411;voip.lab;
201412;voip.lab;
201413;voip.lab;
201414;voip.lab;
201415;voip.lab;
201416;voip.lab;
201417;voip.lab;
201418;voip.lab;
201419;voip.lab;
201420;voip.lab;
201421;voip.lab;
201422;voip.lab;
201423;voip.lab;
201424;voip.lab;
201425;voip.lab;
201426;voip.lab;
201427;voip.lab;
201428;voip.lab;
201429;voip.lab;
201430;voip.lab;
201431;voip.lab;
201432;voip.lab;
201433;voip.lab;
201434;voip.lab;
201435;voip.lab;
201436;voip.lab;
201437;voip.lab;
201438;voip.lab;
201439;voip.lab;
201440;voip.lab;
201441;voip.lab;
201442;voip.lab;
201443;voip.lab;
201444;voip.lab;
201445;voip.lab;
201446;voip.lab;
201447;voip.lab;
201448;voip.lab;
201449;voip.lab;
201450;voip.lab;
201451;voip.lab;
201452;voip.lab;
201453;voip.lab;
201454;voip.lab;
201455;voip.lab;
201456;voip.lab;
201457;voip.lab;
201458;voip.lab;
201459;voip.lab;
201460;voip.lab;
201461;voip.lab;
201462;voip.lab;
201463;voip.lab;
201464;voip.lab;
201465;voip.lab;
201466;voip.lab;
201467;voip.lab;
201468;voip.lab;
201469;voip.lab;
201470;voip.lab;
201471;voip.lab;
201472;voip.lab;
201473;voip.lab;
201474;voip.lab;
201475;voip.lab;
201476;voip.lab;
201477;voip.lab;
201478;voip.lab;
201479;voip.lab;
201480;voip.lab;
201481;voip.lab;
201482;voip.lab;
201483;voip.lab;
201484;voip.lab;
201485;voip.lab;
201486;voip.lab;
201487;voip.lab;
201488;voip.lab;
201489;voip.lab;
201490;voip.lab;
201491;voip.lab;
201492;voip.lab;
201493;voip.lab;
201494;voip.lab;
201495;voip.lab;
201496;voip.lab;
201497;voip.lab;
201498;voip.lab;
201499;voip.lab;
201500;voip.lab;
201501;voip.lab;
201502;voip.lab;
201503;voip.lab;
201504;voip.lab;
201505;voip.lab;
201506;voip.lab;
201507;voip.lab;
201508;voip.lab;
201509;voip.lab;
201510;voip.lab;
201511;voip.lab;
201512;voip.lab;
201513;voip.lab;
201514;voip.lab;
201515;voip.lab;
201516;voip.lab;
201517;voip.lab;
201518;voip.lab;
201519;voip.lab;
201520;voip.lab;
201521;voip.lab;
201522;voip.lab;
201523;voip.lab;
201524;voip.lab;
201525;voip.lab;
201526;voip.lab;
201527;voip.lab;
201528;voip.lab;
201529;voip.lab;
201530;voip.lab;
201531;voip.lab;
201532;voip.lab;
201533;voip.lab;
201534;voip.lab;
201535;voip.lab;
201536;voip.lab;
201537;voip.lab;
201538;voip.lab;
201539;voip.lab;
201540;voip.lab;
201541;voip.lab;
201542;voip.lab;
201543;voip.lab;
201544;voip.lab;
201545;voip.lab;
201546;voip.lab;
201547;voip.lab;
201548;voip.lab;
201549;voip.lab;
201550;voip.lab;
201551;voip.lab;
201552;voip.lab;
201553;voip.lab;
201554;voip.lab;
201555;voip.lab;
201556;voip.lab;
201557;voip.lab;
201558;voip.lab;
201559;voip.lab;
201560;voip.lab;
201561;voip.lab;
201562;voip.lab;
201563;voip.lab;
201564;voip.lab;
201565;voip.lab;
201566;voip.lab;
201567;voip.lab;
201568;voip.lab;
201569;voip.lab;
201570;voip.lab;
201571;voip.lab;
201572;voip.lab;
201573;voip.lab;
201574;voip.lab;
201575;voip.lab;
201576;voip.lab;
201577;voip.lab;
201578;voip.lab;
201579;voip.lab;
201580;voip.lab;
201581;voip.lab;
201582;voip.lab;
201583;voip.lab;
201584;voip.lab;
201585;voip.lab;
201586;voip.lab;
201587;voip.lab;
201588;voip.lab;
201589;voip.lab;
201590;voip.lab;
201591;voip.lab;
201592;voip.lab;
201593;voip.lab;
201594;voip.lab;
201595;voip.lab;
201596;voip.lab;
201597;voip.lab;
201598;voip.lab;
201599;voip.lab;