RANDOM;
200000;voip.lab;
200001;voip.lab;
200002;voip.lab;
200003;voip.lab;
200004;voip.lab;
200005;voip.lab;
200006;voip.lab;
200007;voip.lab;
200008;voip.lab;
200009;voip.lab;
200010;voip.lab;
200011;voip.lab;
200012;voip.lab;
200013;voip.lab;
200014;voip.lab;
200015;voip.lab;
200016;voip.lab;
200017;voip.lab;
200018;voip.lab;
200019;voip.lab;
200020;voip.lab;
200021;voip.lab;
200022;voip.lab;
200023;voip.lab;
200024;voip.lab;
200025;voip.lab;
200026;voip.lab;
200027;voip.lab;
200028;voip.lab;
200029;voip.lab;
200030;voip.lab;
200031;voip.lab;
200032;voip.lab;
200033;voip.lab;
200034;voip.lab;
200035;voip.lab;
200036;voip.lab;
200037;voip.lab;
200038;voip.lab;
200039;voip.lab;
200040;voip.lab;
200041;voip.lab;
200042;voip.lab;
200043;voip.lab;
200044;voip.lab;
200045;voip.lab;
200046;voip.lab;
200047;voip.lab;
200048;voip.lab;
200049;voip.lab;
200050;voip.lab;
200051;voip.lab;
200052;voip.lab;
200053;voip.lab;
200054;voip.lab;
200055;voip.lab;
200056;voip.lab;
200057;voip.lab;
200058;voip.lab;
200059;voip.lab;
200060;voip.lab;
200061;voip.lab;
200062;voip.lab;
200063;voip.lab;
200064;voip.lab;
200065;voip.lab;
200066;voip.lab;
200067;voip.lab;
200068;voip.lab;
200069;voip.lab;
200070;voip.lab;
200071;voip.lab;
200072;voip.lab;
200073;voip.lab;
200074;voip.lab;
200075;voip.lab;
200076;voip.lab;
200077;voip.lab;
200078;voip.lab;
200079;voip.lab;
200080;voip.lab;
200081;voip.lab;
200082;voip.lab;
200083;voip.lab;
200084;voip.lab;
200085;voip.lab;
200086;voip.lab;
200087;voip.lab;
200088;voip.lab;
200089;voip.lab;
200090;voip.lab;
200091;voip.lab;
200092;voip.lab;
200093;voip.lab;
200094;voip.lab;
200095;voip.lab;
200096;voip.lab;
200097;voip.lab;
200098;voip.lab;
200099;voip.lab;
200100;voip.lab;
200101;voip.lab;
200102;voip.lab;
200103;voip.lab;
200104;voip.lab;
200105;voip.lab;
200106;voip.lab;
200107;voip.lab;
200108;voip.lab;
200109;voip.lab;
200110;voip.lab;
200111;voip.lab;
200112;voip.lab;
200113;voip.lab;
200114;voip.lab;
200115;voip.lab;
200116;voip.lab;
200117;voip.lab;
200118;voip.lab;
200119;voip.lab;
200120;voip.lab;
200121;voip.lab;
200122;voip.lab;
200123;voip.lab;
200124;voip.lab;
200125;voip.lab;
200126;voip.lab;
200127;voip.lab;
200128;voip.lab;
200129;voip.lab;
200130;voip.lab;
200131;voip.lab;
200132;voip.lab;
200133;voip.lab;
200134;voip.lab;
200135;voip.lab;
200136;voip.lab;
200137;voip.lab;
200138;voip.lab;
200139;voip.lab;
200140;voip.lab;
200141;voip.lab;
200142;voip.lab;
200143;voip.lab;
200144;voip.lab;
200145;voip.lab;
200146;voip.lab;
200147;voip.lab;
200148;voip.lab;
200149;voip.lab;
200150;voip.lab;
200151;voip.lab;
200152;voip.lab;
200153;voip.lab;
200154;voip.lab;
200155;voip.lab;
200156;voip.lab;
200157;voip.lab;
200158;voip.lab;
200159;voip.lab;
200160;voip.lab;
200161;voip.lab;
200162;voip.lab;
200163;voip.lab;
200164;voip.lab;
200165;voip.lab;
200166;voip.lab;
200167;voip.lab;
200168;voip.lab;
200169;voip.lab;
200170;voip.lab;
200171;voip.lab;
200172;voip.lab;
200173;voip.lab;
200174;voip.lab;
200175;voip.lab;
200176;voip.lab;
200177;voip.lab;
200178;voip.lab;
200179;voip.lab;
200180;voip.lab;
200181;voip.lab;
200182;voip.lab;
200183;voip.lab;
200184;voip.lab;
200185;voip.lab;
200186;voip.lab;
200187;voip.lab;
200188;voip.lab;
200189;voip.lab;
200190;voip.lab;
200191;voip.lab;
200192;voip.lab;
200193;voip.lab;
200194;voip.lab;
200195;voip.lab;
200196;voip.lab;
200197;voip.lab;
200198;voip.lab;
200199;voip.lab;
200200;voip.lab;
200201;voip.lab;
200202;voip.lab;
200203;voip.lab;
200204;voip.lab;
200205;voip.lab;
200206;voip.lab;
200207;voip.lab;
200208;voip.lab;
200209;voip.lab;
200210;voip.lab;
200211;voip.lab;
200212;voip.lab;
200213;voip.lab;
200214;voip.lab;
200215;voip.lab;
200216;voip.lab;
200217;voip.lab;
200218;voip.lab;
200219;voip.lab;
200220;voip.lab;
200221;voip.lab;
200222;voip.lab;
200223;voip.lab;
200224;voip.lab;
200225;voip.lab;
200226;voip.lab;
200227;voip.lab;
200228;voip.lab;
200229;voip.lab;
200230;voip.lab;
200231;voip.lab;
200232;voip.lab;
200233;voip.lab;
200234;voip.lab;
200235;voip.lab;
200236;voip.lab;
200237;voip.lab;
200238;voip.lab;
200239;voip.lab;
200240;voip.lab;
200241;voip.lab;
200242;voip.lab;
200243;voip.lab;
200244;voip.lab;
200245;voip.lab;
200246;voip.lab;
200247;voip.lab;
200248;voip.lab;
200249;voip.lab;
200250;voip.lab;
200251;voip.lab;
200252;voip.lab;
200253;voip.lab;
200254;voip.lab;
200255;voip.lab;
200256;voip.lab;
200257;voip.lab;
200258;voip.lab;
200259;voip.lab;
200260;voip.lab;
200261;voip.lab;
200262;voip.lab;
200263;voip.lab;
200264;voip.lab;
200265;voip.lab;
200266;voip.lab;
200267;voip.lab;
200268;voip.lab;
200269;voip.lab;
200270;voip.lab;
200271;voip.lab;
200272;voip.lab;
200273;voip.lab;
200274;voip.lab;
200275;voip.lab;
200276;voip.lab;
200277;voip.lab;
200278;voip.lab;
200279;voip.lab;
200280;voip.lab;
200281;voip.lab;
200282;voip.lab;
200283;voip.lab;
200284;voip.lab;
200285;voip.lab;
200286;voip.lab;
200287;voip.lab;
200288;voip.lab;
200289;voip.lab;
200290;voip.lab;
200291;voip.lab;
200292;voip.lab;
200293;voip.lab;
200294;voip.lab;
200295;voip.lab;
200296;voip.lab;
200297;voip.lab;
200298;voip.lab;
200299;voip.lab;
200300;voip.lab;
200301;voip.lab;
200302;voip.lab;
200303;voip.lab;
200304;voip.lab;
200305;voip.lab;
200306;voip.lab;
200307;voip.lab;
200308;voip.lab;
200309;voip.lab;
200310;voip.lab;
200311;voip.lab;
200312;voip.lab;
200313;voip.lab;
200314;voip.lab;
200315;voip.lab;
200316;voip.lab;
200317;voip.lab;
200318;voip.lab;
200319;voip.lab;
200320;voip.lab;
200321;voip.lab;
200322;voip.lab;
200323;voip.lab;
200324;voip.lab;
200325;voip.lab;
200326;voip.lab;
200327;voip.lab;
200328;voip.lab;
200329;voip.lab;
200330;voip.lab;
200331;voip.lab;
200332;voip.lab;
200333;voip.lab;
200334;voip.lab;
200335;voip.lab;
200336;voip.lab;
200337;voip.lab;
200338;voip.lab;
200339;voip.lab;
200340;voip.lab;
200341;voip.lab;
200342;voip.lab;
200343;voip.lab;
200344;voip.lab;
200345;voip.lab;
200346;voip.lab;
200347;voip.lab;
200348;voip.lab;
200349;voip.lab;
200350;voip.lab;
200351;voip.lab;
200352;voip.lab;
200353;voip.lab;
200354;voip.lab;
200355;voip.lab;
200356;voip.lab;
200357;voip.lab;
200358;voip.lab;
200359;voip.lab;
200360;voip.lab;
200361;voip.lab;
200362;voip.lab;
200363;voip.lab;
200364;voip.lab;
200365;voip.lab;
200366;voip.lab;
200367;voip.lab;
200368;voip.lab;
200369;voip.lab;
200370;voip.lab;
200371;voip.lab;
200372;voip.lab;
200373;voip.lab;
200374;voip.lab;
200375;voip.lab;
200376;voip.lab;
200377;voip.lab;
200378;voip.lab;
200379;voip.lab;
200380;voip.lab;
200381;voip.lab;
200382;voip.lab;
200383;voip.lab;
200384;voip.lab;
200385;voip.lab;
200386;voip.lab;
200387;voip.lab;
200388;voip.lab;
200389;voip.lab;
200390;voip.lab;
200391;voip.lab;
200392;voip.lab;
200393;voip.lab;
200394;voip.lab;
200395;voip.lab;
200396;voip.lab;
200397;voip.lab;
200398;voip.lab;
200399;voip.lab;
200400;voip.lab;
